<?xml version="1.0" encoding="UTF-8"?>
<GenRun Id="vga_ram_synth_1" LaunchPart="xc7a100tcsg324-1" LaunchTime="1667644895">
  <File Type="PA-TCL" Name="vga_ram.tcl"/>
  <File Type="RDS-PROPCONSTRS" Name="vga_ram_drc_synth.rpt"/>
  <File Type="REPORTS-TCL" Name="vga_ram_reports.tcl"/>
  <File Type="RDS-RDS" Name="vga_ram.vds"/>
  <File Type="RDS-UTIL" Name="vga_ram_utilization_synth.rpt"/>
  <File Type="RDS-UTIL-PB" Name="vga_ram_utilization_synth.pb"/>
  <File Type="RDS-DCP" Name="vga_ram.dcp"/>
  <File Type="VDS-TIMINGSUMMARY" Name="vga_ram_timing_summary_synth.rpt"/>
  <File Type="VDS-TIMING-PB" Name="vga_ram_timing_summary_synth.pb"/>
  <FileSet Name="sources" Type="BlockSrcs" RelSrcDir="$PSRCDIR/vga_ram">
    <File Path="$PSRCDIR/sources_1/ip/vga_ram/vga_ram.xci">
      <FileInfo>
        <Attr Name="UsedIn" Val="synthesis"/>
        <Attr Name="UsedIn" Val="implementation"/>
        <Attr Name="UsedIn" Val="simulation"/>
      </FileInfo>
    </File>
    <Config>
      <Option Name="TopModule" Val="vga_ram"/>
      <Option Name="UseBlackboxStub" Val="1"/>
    </Config>
  </FileSet>
  <FileSet Name="constrs_in" Type="BlockSrcs" RelSrcDir="$PSRCDIR/vga_ram">
    <File Path="$PSRCDIR/sources_1/ip/vga_ram/vga_ram.xci">
      <FileInfo>
        <Attr Name="UsedIn" Val="synthesis"/>
        <Attr Name="UsedIn" Val="implementation"/>
        <Attr Name="UsedIn" Val="simulation"/>
      </FileInfo>
    </File>
    <Config>
      <Option Name="TopModule" Val="vga_ram"/>
      <Option Name="UseBlackboxStub" Val="1"/>
    </Config>
  </FileSet>
  <FileSet Name="utils" Type="Utils" RelSrcDir="$PSRCDIR/utils_1">
    <Filter Type="Utils"/>
    <Config>
      <Option Name="TopAutoSet" Val="TRUE"/>
    </Config>
  </FileSet>
  <Strategy Version="1" Minor="2">
    <StratHandle Name="Vivado Synthesis Defaults" Flow="Vivado Synthesis 2020">
      <Desc>Vivado Synthesis Defaults</Desc>
    </StratHandle>
    <Step Id="synth_design"/>
  </Strategy>
</GenRun>
