<?xml version="1.0"?>
<Runs Version="1" Minor="0">
	<Run Id="vga_ram_synth_1" LaunchDir="D:/Projects/Vivado_Projects/10-1-vga-image/10-1-vga-image.runs/vga_ram_synth_1" FlowId="Vivado_Synthesis" FromStepId="vivado" ToStepId="vivado"/>
	<Run Id="synth_1" LaunchDir="D:/Projects/Vivado_Projects/10-1-vga-image/10-1-vga-image.runs/synth_1" FlowId="Vivado_Synthesis" FromStepId="vivado" ToStepId="vivado">
		<Parent Id="vga_ram_synth_1"/>
	</Run>
	<Run Id="impl_1" LaunchDir="D:/Projects/Vivado_Projects/10-1-vga-image/10-1-vga-image.runs/impl_1" FlowId="Vivado_Implementation" FromStepId="init_design" ToStepId="write_bitstream">
		<Parent Id="synth_1"/>
		<Parent Id="vga_ram_synth_1"/>
	</Run>
	<Parameters>
		<Parameter Name="runs.monitorLSFJobs" Val="true" Type="bool"/>
		<Parameter Name="runs.enableClusterConf" Val="true" Type="bool"/>
	</Parameters>
</Runs>

